	mean	total	bio	tech	p.value	FDR
TIMP1	7.86709632160163	24.2773947708697	14.521193749592	9.75620102127772	3.1982518755065e-231	2.10988676227164e-227
KRT81	4.13544171576234	27.1241059275866	12.1073346733105	15.0167712542761	1.14030725678216e-87	3.00904278919677e-84
TPT1	10.1176738428334	17.5285486496608	10.5118712976971	7.01667735196367	1.57150703640845e-233	2.07344638383731e-229
FN1	7.71819936714799	20.4358311308409	10.4574221250506	9.97840900579027	8.77594389293711e-134	3.85966012411374e-130
SAA1	3.4789139910594	23.1964357545348	8.66293417245515	14.5335015820797	2.74142138367708e-53	5.16718767660505e-50
IFI27	4.15591137348024	23.0513013039782	8.03271407945471	15.0185872245235	1.73976855461597e-44	1.53030042064021e-41
TAGLN	3.99287904410198	22.1045440895077	7.15417177646374	14.9503723130439	6.14839623383123e-37	4.50677443939829e-34
MT1X	6.05401062809242	19.5216664987883	6.8387850337172	12.6828814650711	4.29841208592593e-45	4.05094636155048e-42
TGM2	6.62441997023429	18.2100136735906	6.51110507945339	11.6989085941372	1.54301996516337e-47	1.69655045169713e-44
KRT19	3.39933991713128	20.7918560026738	6.36549453676632	14.4263614659075	2.98788074991678e-32	1.877242791162e-29
AKAP12	7.44063569491179	16.6378289878706	6.22446459003279	10.4133643978378	1.54632141455187e-53	3.40036079059956e-50
HIST1H4C	6.39071076716159	18.0276075057493	5.99190884988961	12.0356986558597	1.82822892949638e-39	1.41892073504561e-36
RARRES1	4.08472827462857	20.7645790718544	5.75933747851722	15.0052415933371	1.49510040315653e-25	7.8905418876989e-23
MT1E	7.81859804845595	15.5824033026283	5.75488304584167	9.82752025678666	9.70376328990084e-52	1.28031452846952e-48
CENPF	4.66121870241703	20.2136747528235	5.29585964263668	14.9178151101868	1.93580034165257e-22	8.51364990258801e-20
SERPINE1	8.23324339691744	14.5150273844362	5.25662237460789	9.25840500982828	3.8182732832782e-49	4.57984524541569e-46
TFPI2	5.20727951678479	19.4585282871293	5.22059050012891	14.2379377870004	1.11684643484008e-23	5.08126615906208e-21
IGFBP5	2.01236389552981	16.15402191995	5.2132931685508	10.9407287513992	1.12140008431223e-36	7.78723826969242e-34
CCDC80	5.54682811043964	18.6483909082604	5.05734129870008	13.5910496095604	2.88693569741106e-24	1.36036534255863e-21
IGFBP4	4.59939001023172	19.9203468614219	4.95178985026739	14.9685570111545	5.79621466592908e-20	2.06689881898022e-17
ISG15	3.63342520897478	19.6172644248656	4.92961215801482	14.6876522668508	1.90615385836464e-20	6.98605389090641e-18
SERPINE2	3.3113235482948	19.1681361524978	4.87423074233583	14.293905410162	5.44059365185843e-21	2.11127037184177e-18
UBE2S	6.79268623268478	16.2865666360969	4.83760874934714	11.4489578867498	5.34874840035923e-30	3.2077902906518e-27
PMEPA1	4.40650637646066	19.7743519311133	4.75590342813151	15.0184485029818	1.41753853819381e-18	4.92184301919186e-16
TGFBI	6.78894087894401	16.1939934695522	4.73931619388553	11.4546772756666	5.80768194148948e-29	3.33158937113097e-26
SLPI	2.83063868742724	17.959496986168	4.56749808787216	13.3919988982959	5.36311988518028e-21	2.11127037184177e-18
KRT7	9.53716346093795	12.2396698481014	4.56358560458519	7.6760842435162	4.6523563502823e-53	7.67289871070308e-50
CXCL8	2.8100410854804	17.8966786756521	4.55102194463576	13.3456567310164	5.42677108514365e-21	2.11127037184177e-18
IFI6	2.21918578633812	16.200529320297	4.52563876316986	11.6748905571271	5.61853695575957e-26	3.08879069142883e-23
COL1A1	3.49861960725078	19.0236887749771	4.46842020530486	14.5552685696722	1.1898169164602e-17	4.02524215276304e-15
TOP2A	3.80396653333529	19.2242228850974	4.37547638868708	14.8487464964103	1.6668976434582e-16	5.23643988280655e-14
DIRAS3	2.20432097553346	15.9940595133508	4.36882183574124	11.6252376776096	1.14210450282675e-24	5.58108400381339e-22
MALAT1	12.6952544597077	8.85463819038167	4.21247138775942	4.64216680262225	3.2969672494684e-106	1.08750464723715e-102
ZFAS1	7.04871026525047	15.2518472157396	4.20549349394634	11.0463537217933	3.30084244109455e-25	1.67505058337698e-22
TPX2	4.4711936764026	19.2209206726002	4.19237742200448	15.0285432505957	4.28297011771983e-15	1.15325525986113e-12
MKI67	3.75610600044465	18.9687676137278	4.15292650500863	14.8158411087192	3.26255471223146e-15	8.96794726524624e-13
PLOD2	4.44604172867369	19.0354555256318	4.00721039691809	15.0282451287137	4.96852165115847e-14	1.1706191904533e-11
IGFBP3	3.76349608075976	18.8072143351764	3.98566014067187	14.8215541945046	3.18588447404436e-14	7.64264722737113e-12
MT1M	2.50219927508969	16.3268084710811	3.77963704915579	12.5471714219253	4.12808346970904e-17	1.36164833248353e-14
RBP1	4.48621174722867	18.7573284202264	3.73089753634668	15.0264308838797	1.63937161479499e-12	3.22833866949329e-10
SPARC	5.60306336082431	17.2207117102793	3.69981110746488	13.5209006028145	1.24856254460975e-14	3.10821400256246e-12
LXN	4.44884645449577	18.6858567897038	3.65732674490894	15.0285300447949	4.05849926462864e-12	7.54194919683244e-10
S100A2	3.40443592036472	18.0578673785332	3.62347514359294	14.4343922349403	9.84316420863552e-13	2.02922982138652e-10
ALDH1A3	3.00661007772775	17.2786206182008	3.50778025860981	13.770840359591	4.91654901133547e-13	1.06342537140263e-10
IGFBP6	6.43449752020651	15.2822929485207	3.31585791592635	11.9664350325944	6.24049570437633e-15	1.64674200647083e-12
CXCL1	2.11960322690923	14.6245778748317	3.29371043601575	11.3308674388159	3.84608912263349e-16	1.18012325311689e-13
NNMT	6.1226637657555	15.8322616394467	3.29160777331131	12.5406538661354	1.11792994435592e-13	2.49999452302237e-11
ID3	6.42021970841124	15.2343185477648	3.2458349579759	11.9884835897889	2.21725004440186e-14	5.41748094182187e-12
SNCG	2.17358666896245	14.7618123738006	3.24364400290434	11.5181683708962	2.50016002775019e-15	7.01853434173107e-13
GPRC5A	5.37184660304523	17.0875337298882	3.23227289311731	13.8552608367709	2.47530703487112e-11	4.35456013574528e-09
IGFBP7	4.5512772238086	18.0991057455243	3.09837810283123	15.0007276426931	2.25454952171714e-09	3.03535983566693e-07
NQO1	5.44961702818728	16.804143640634	3.092448614181	13.711695026453	9.56846428559137e-11	1.55859651585299e-08
BNIP3	5.39918154777955	16.8169247854828	3.01631042719007	13.8006143582927	3.12965626756296e-10	4.74628560853168e-08
G0S2	2.2576495386499	14.7938582935541	2.99517281339953	11.7986854801546	5.79229477377469e-13	1.23263769750296e-10
MDK	5.03846853153833	17.5827088861866	2.97578314152096	14.6069257446656	3.54125425773434e-09	4.4498389215759e-07
AREG	2.33394756181491	14.9567107641963	2.91211503929397	12.0445957249023	5.41185880246892e-12	9.9172312555243e-10
BST2	2.6026375885126	15.7301616395445	2.90503494533249	12.825126694212	8.08470858754012e-11	1.33337056380006e-08
UBB	3.73231345945702	17.6949245491472	2.89938371847071	14.7955408306764	1.19427332583429e-08	1.43247656918705e-06
MT2A	12.3619872602138	7.76305918213537	2.86922412861227	4.8938350535231	7.64268200792782e-52	1.12041718236222e-48
TFPI	4.47690517828659	17.8617778025986	2.83384572603236	15.0279320765663	3.67250871290934e-08	3.78555312172858e-06
KISS1	1.77393926203405	12.8384864881908	2.83294248949073	10.0055439987001	1.83055731956878e-15	5.36719406097566e-13
NPPB	0.994213551879691	9.17794873317249	2.82744830005733	6.35050043311516	9.68121570693559e-33	6.38669800186541e-30
TUBB4B	6.0198537148301	15.5747158747374	2.82061045730169	12.7541054174357	2.02183651611668e-10	3.13836599925218e-08
PTTG1	4.36590881225025	17.83127031259	2.81988028277309	15.0113900298169	4.09131174111769e-08	4.13300575122418e-06
FGF2	3.39913509032154	17.2217566918321	2.79572194224528	14.4260347495868	1.66575237964411e-08	1.92788920149337e-06
HMGA1	8.09414206403453	12.2212449411509	2.78298272552484	9.43826221562611	1.60073223117361e-16	5.15123440441576e-14
SAT1	3.80460958109494	17.6214377802641	2.77230689169668	14.8491308885674	4.85614140808826e-08	4.81250945720378e-06
CXCL6	2.30884768297014	14.7301839271912	2.76604400920212	11.9641399179891	3.57844860506759e-11	6.13169492146258e-09
KCNQ1OT1	7.87137572032549	12.5010459172261	2.75108532654538	9.7499605906807	2.23361039345604e-15	6.40657728940414e-13
WNT5A	2.83900124105931	16.0819714095139	2.67156735184816	13.4104040576657	7.20744739732984e-09	8.80509823707129e-07
COL3A1	2.2239471421466	14.3595511152098	2.66904186966783	11.6905092455419	5.92230120469084e-11	9.89099267021404e-09
SPINT2	2.66842946215133	15.6559890916598	2.65798180841704	12.9980072832428	3.13391792748929e-09	4.01445758595085e-07
LMAN1	5.58121357640574	16.1980767420226	2.64850076654445	13.5495759754782	1.28912399203301e-08	1.53231549107059e-06
XIST	3.51571361817381	17.219485002783	2.64635807744274	14.5731269253402	1.02834688412603e-07	9.2299379518087e-06
COL5A2	3.45059304342773	17.143811635032	2.64442586685938	14.4993857681726	9.16592817030662e-08	8.45701092860318e-06
RPS27L	6.59770753363555	14.3789280706684	2.64184770633072	11.7370803643377	1.03347702689634e-10	1.66288974303296e-08
LMO4	5.34725587242139	16.5198438637522	2.61225359471661	13.9075902690355	4.1035603563011e-08	4.13300575122418e-06
LY6E	6.41945818443328	14.5967504720772	2.60707598187242	11.9896744902047	3.77597358710862e-10	5.53557727870124e-08
LCN2	1.92523820318349	13.2138398325151	2.60335584388507	10.61048398863	2.8154239863464e-12	5.30667201083634e-10
RPL22L1	5.04481323027484	17.1933287579716	2.59774756369249	14.5955811942791	1.73059120604879e-07	1.51214704454356e-05
GSTO1	5.58099924034045	16.1402569570441	2.59040838570603	13.5498485713381	2.48168776133996e-08	2.72861569359329e-06
UQCRFS1	5.73470958630131	15.8797145567858	2.56415842711318	13.3155561296726	2.0090375674938e-08	2.24637641233163e-06
SRGN	3.39530402398378	16.98241854184	2.56255158736454	14.4198669544755	1.79921221001753e-07	1.56176354598496e-05
LOXL2	3.41942137214088	16.9987474635251	2.54178828945098	14.4569591740741	2.35508162036885e-07	1.96664220880675e-05
IFITM3	5.4849106170597	16.1291712616963	2.46868177364028	13.660489488056	1.16746038734407e-07	1.04077515882551e-05
UCA1	2.65528427908226	15.4204728163609	2.45523016758503	12.9652426487759	3.25823693969673e-08	3.47865838516374e-06
MYH9	6.08624034860341	15.0469319663549	2.43106871395371	12.6158632524012	1.96945892903041e-08	2.22094368458353e-06
DMKN	3.82209652332986	17.2845791523641	2.42544742375599	14.8591317286082	1.33261335308402e-06	9.30291036010081e-05
AKR1B1	5.11544694388443	16.8748746085027	2.42211146228331	14.4527631462194	7.39701014989093e-07	5.67419487893378e-05
S100A4	2.05478988104082	13.5141250421171	2.41801381478676	11.0961112273303	3.48907803397878e-10	5.23123813412682e-08
SAA2	1.57603379142358	11.5301021084443	2.37318625024642	9.1569158581979	2.11170085010544e-13	4.64363016938186e-11
IL33	1.63234695266523	11.7726513909391	2.36789415361972	9.40475723731935	8.56188344870405e-13	1.79310301940002e-10
TPM2	6.63791368712363	14.0271856958918	2.347732847113	11.6794528487788	5.43678592543693e-09	6.70401434581447e-07
TXNIP	5.57817036672678	15.9005130581079	2.34708282951564	13.5534302285923	3.41823207596827e-07	2.7500093908735e-05
CYP1B1	3.30201487141665	16.6194918210622	2.33871707170892	14.2807747493533	1.24014002051493e-06	8.70340820780531e-05
HSPA5	6.49708564339427	14.1947663787434	2.31835052197598	11.8764158567674	1.34198863732343e-08	1.58091054293262e-06
CD24	3.12858054959737	16.299456844683	2.30631473655606	13.9931421081269	1.07689362115534e-06	7.85001902625613e-05
CKS1B	4.53918299108554	17.3033885260746	2.29610590399431	15.0072826220802	5.05592960599476e-06	0.000277949730089562
ASPM	3.40345172041654	16.7254730226013	2.29261725020123	14.4328557724001	2.37893646115696e-06	0.000150015384144387
WFDC2	1.59684310632718	11.524131001696	2.27610509578076	9.24802590591525	2.44788219823661e-12	4.68077648167156e-10
CCND1	7.42710518398634	12.7070305073354	2.27197913802807	10.4350513693073	3.60172530185582e-10	5.33945658794221e-08
GREM1	2.31790381266105	14.2410309825785	2.24736129932952	11.9936696832489	4.3885631459644e-08	4.38656834453441e-06
ANXA1	5.81057973463769	15.4131269561873	2.23601639399677	13.1771105621905	5.54525496057732e-07	4.32923632839392e-05
DCBLD2	5.91226870192847	15.2048341246346	2.22837375028012	12.9764603743544	4.18384988767294e-07	3.32540454325041e-05
ARHGAP29	4.53148825017669	17.234878998588	2.22380748231901	15.011071516269	9.29564862196055e-06	0.000441175496108444
SQSTM1	6.63927628610663	13.8975960747841	2.22011417617113	11.677481898613	2.91104117150401e-08	3.17423778651437e-06
LGALS1	9.26677747082238	10.1980799489331	2.20304739755687	7.99503255137622	8.51172711046099e-15	2.15968706721966e-12
MAP1B	6.25844606760332	14.441376240362	2.17059595329821	12.2707802870638	2.02195833918936e-07	1.71155354993126e-05
ATP5MF	5.58693349218414	15.7046878822998	2.16244980814188	13.542238074158	2.13234387895833e-06	0.000136573520092117
ITGA5	2.56752083107263	14.8668268287745	2.14024823866098	12.7265785901135	6.83024956538585e-07	5.28029380730959e-05
TSPO	6.4703192628686	14.0426694086963	2.12912508556414	11.9135443231322	1.55807601796519e-07	1.37048366540218e-05
SMC4	4.26117038863415	17.124433619003	2.11054752235169	15.0138860966513	2.329794356136e-05	0.000859362150590011
IFI44L	1.5820681043052	11.2855110715853	2.10211435014356	9.18339672144176	5.33986461044394e-11	9.03258636797402e-09
CYR61	5.1667772787584	16.3737536498429	2.03861290583394	14.335140744009	1.91598183357799e-05	0.00075461087499188
PIK3R1	3.49799564880189	16.5699653726023	2.01536517481932	14.5546001977829	2.98723531470895e-05	0.00105666441668284
CDKN2A	5.27954973221946	16.0491520527053	1.98610336568975	14.0630486870156	2.15487566384061e-05	0.00081578100377912
LMNA	5.52266797179871	15.6001854621942	1.98283588120339	13.6173495809908	1.2694882885813e-05	0.00055279301912679
MX1	1.43353901122073	10.4852548261062	1.97795893791391	8.50729588819234	2.84393818011321e-11	4.93722636163337e-09
TUBA1C	6.14610084530436	14.4556871088486	1.96297794471776	12.4927091641309	2.97531127746126e-06	0.000179252315044858
STMN1	5.15325379306177	16.3151043618833	1.94819860649866	14.3669057553847	4.17142975528265e-05	0.00131669483711003
DST	5.76705341112153	15.2004068416501	1.94240690075263	13.2579999408975	1.13736918591428e-05	0.00051488468427199
ITGA3	5.43471999381799	15.6759528570268	1.93978000140589	13.7361728556209	2.15785637652655e-05	0.00081578100377912
HIF1A	4.84574160464669	16.7138900349701	1.93242468011024	14.7814653548598	7.26523770216654e-05	0.0019690402525116
POSTN	1.6408913518318	11.3742561137653	1.93221795033722	9.44203816342809	3.06058191560578e-09	3.95895272495125e-07
EIF3G	5.47412540800615	15.5969972372269	1.92192821467378	13.6750690225531	2.33826748568906e-05	0.000859362150590011
MARCKS	6.21970627491106	14.2626844901379	1.91716194397497	12.345522546163	3.77210142386605e-06	0.000221196027495505
PPME1	3.59405933260377	16.5656516757404	1.91676070457775	14.6488909711627	7.1729077754649e-05	0.00196347189189801
ZFP36L1	7.17623664180202	12.7536811058271	1.91314506623663	10.8405360395905	2.14361199432412e-07	1.80145329000716e-05
BLVRB	3.18425823739973	16.0082759951729	1.90914672273399	14.0991292724389	4.26612742152938e-05	0.00133623763954512
LIMA1	5.38602338143593	15.7333446705119	1.90692761451411	13.8264170559978	3.18631951860887e-05	0.00110341994038125
RARRES2	1.10250477896277	8.76586355589273	1.89574758687843	6.8701159690143	7.87248252056516e-15	2.03665753679091e-12
HIPK2	5.4556473073109	15.5965768980927	1.89432661060971	13.702250287483	3.06537822251069e-05	0.00106996297004778
LOX	4.33731210951455	16.8739992136028	1.86413082654818	15.0098683870546	0.000149254807144835	0.00326578428767653
COL1A2	1.52874690583731	10.805052024114	1.86107815487642	8.94397386923756	1.76085942543963e-09	2.44555571150004e-07
RHOBTB3	6.79826934927531	13.2929794417203	1.85255879241207	11.4404206493082	1.58428683767333e-06	0.000107747837815783
CKS2	4.13764251075117	16.8483915230046	1.83135738579143	15.0170341372132	0.000189773074028114	0.00386996281101536
S100A16	6.63487080672706	13.4955915143483	1.81174139629389	11.6838501180544	3.88437620752934e-06	0.000224782717904132
APLP2	7.05745524420283	12.8396373920153	1.80733143071836	11.0323059612969	1.23104791927863e-06	8.68580013206538e-05
IL1B	1.39756461457087	10.1423959910437	1.80467070763567	8.337725283408	4.45996816383695e-10	6.46646373117195e-08
MPRIP	4.86999595781319	16.5567128714305	1.78363423600786	14.7730786354226	0.000215885544320413	0.00421360040201706
AHCY	4.9413587077814	16.510822309978	1.77226364352145	14.7385586664565	0.00022729632977768	0.0043643300650189
MT-ND6	6.47114348321672	13.6832692876882	1.77089956295168	11.9123697247365	8.71935705460839e-06	0.000418338898103647
FKBP5	4.66172107586325	16.6778342190547	1.7604543682736	14.9173798507811	0.000287018497222382	0.00509679953210244
HLA-C	4.56514650867388	16.7406411502589	1.74826111986992	14.992380030389	0.000331774165967483	0.00559773445751275
VEGFA	3.291923833577	16.0145139217551	1.74797898746204	14.2665349342931	0.000178568481987664	0.00372201034967653
PARP14	2.73749507228121	14.914014389575	1.7472343733786	13.1667800161964	5.81762460896808e-05	0.00170572753534944
TXNRD1	7.30049495785679	12.3825505526088	1.74334836694409	10.6392021856647	1.22461446116401e-06	8.68580013206538e-05
HAS1	1.53049392403952	10.6916377649241	1.73978214439262	8.95185562053153	1.53081451460874e-08	1.78739528369448e-06
ERRFI1	4.33324773791357	16.7424174363431	1.73258286612346	15.0098345702197	0.000374371622779403	0.00608687099729278
AMIGO2	2.77359390823038	14.9706966618272	1.71217030368573	13.2585263581415	8.68357015732301e-05	0.0022687331614994
MEG3	1.39461243594591	10.0333686864516	1.70952435404685	8.32384433240479	2.72062579028223e-09	3.58959366769838e-07
MYDGF	5.43709188478182	15.4337267300974	1.70155745922587	13.7321692708716	0.000153884473035823	0.00331756819809582
CEBPB	4.78606013350529	16.5124411041415	1.69734734756784	14.8150937565737	0.000408619775979623	0.00641824919556565
LAMA4	3.64677903441923	16.3900891057771	1.68851697654819	14.7015721292289	0.000397011870449294	0.00627943776430586
SPP1	1.0837961023703	8.45415522018181	1.67427615767661	6.77987906250519	2.10076279493232e-12	4.07609769357898e-10
LDHA	8.10322164788091	11.0981035988799	1.67195195537632	9.4261516435036	1.88763883450372e-07	1.62781090081321e-05
MGST3	6.03949456095165	14.3841443622848	1.67100263733806	12.7131417249468	6.7103321497202e-05	0.00186195757531162
SLC16A3	5.68621111573787	15.06216392006	1.66508140430591	13.3970825157541	0.000147761238563409	0.00323847472027512
NRP2	3.85909727917866	16.5429971236247	1.66486248507471	14.87813463855	0.000534264298330451	0.00745146210589004
DUSP1	6.14986904794709	14.1406889921421	1.65564790530699	12.4850410868351	5.87718177788178e-05	0.00171285997296408
CTGF	3.3353895398387	15.9671992501325	1.63903692922356	14.3281623209089	0.00041597535631611	0.00651826466892489
ATAD2	3.35056365066938	15.9791239401847	1.62885514420359	14.3502687959811	0.000454881928932684	0.00688072905459332
VCAN	4.26142874261926	16.6394722539698	1.62560932399878	15.0138629299711	0.00076307371962302	0.00935687235753358
LITAF	3.78231023047165	16.4603959004957	1.62540736960637	14.8349885308893	0.000672756948383783	0.0086767890293017
PRKDC	6.58452537816638	13.3793567047692	1.62361278003663	11.7557439247326	3.11502669232179e-05	0.00108442380418189
NR2F1	2.745009535543	14.7982396280808	1.61266211335581	13.185577514725	0.000182770941868571	0.00379163491668857
IGFBP2	1.59513880144518	10.8529113780343	1.61234216456961	9.24056921346465	2.84284943905239e-07	2.34428471867858e-05
UCHL1	5.51381675248162	15.2326153067748	1.60617290922684	13.626442397548	0.00029127091274798	0.0051365432691777
SELENOM	3.52116698452376	16.1726730077649	1.59401248531487	14.57866052245	0.000687874260136983	0.00877738200023922
F3	2.72841507888766	14.7365204857297	1.59220248928459	13.1443179964451	0.000207015857891604	0.00410115199552827
S100A13	5.28377403463013	15.6379126323538	1.584918888566	14.0529937437878	0.000489243997189833	0.00707422139092614
DKK1	2.27630530502837	13.4422483804297	1.58416847959364	11.8580799008361	5.25445819888929e-05	0.00156849143611189
ADIRF	1.49249380364391	10.3609054843314	1.58058107333095	8.78032441100043	1.29233158817605e-07	1.14436395801307e-05
HEG1	3.19924790598308	15.7051303089701	1.57967597655996	14.1254543324101	0.000537896372242381	0.00746913444595688
PRKCSH	4.31685130914351	16.5849790325792	1.57490261336378	15.0100764192154	0.00105231915385416	0.0114368195353804
PAPPA	2.46166701598531	14.0040444418557	1.57265063151664	12.431393810339	0.000116084370098424	0.00273015539942711
HDGF	6.19733233000754	13.9476244817856	1.55800154056179	12.3896229412238	0.000126072680568564	0.00289287469116805
ANKRD1	2.43056458988277	13.8898813441605	1.55295508855575	12.3369262556047	0.000124324917797665	0.00287275475555586
CD59	5.50635543203407	15.1807137009529	1.54621175798648	13.6345019429664	0.000459601680447076	0.00689089155888491
CEBPD	4.33534372049239	16.5533568848483	1.54350991112623	15.009846973722	0.00128086812976961	0.0127738277431445
GOLGB1	5.62954224248958	15.008225192113	1.52433635341423	13.4838888386987	0.000476317070346297	0.00701398150239848
EIF4EBP1	5.12988090859011	15.9331732910221	1.51259819238368	14.4205750986385	0.00105545023924761	0.0114519822834152
EFEMP1	3.88870793183337	16.4027562883647	1.51045008940694	14.8923061989578	0.00145977847371852	0.0138036752554302
DEK	7.57941413290327	11.6863627524853	1.49320223760626	10.1931605148791	1.13984139058209e-05	0.00051488468427199
IFITM2	3.87715259462834	16.3725559531828	1.48574517931956	14.8868107738632	0.00169415541955872	0.0149716588115591
FLNB	5.97248263329071	14.3289657385509	1.47628807855327	12.8526776599976	0.000396629806474424	0.00627943776430586
GADD45GIP1	6.98221524744758	12.6275372623475	1.47484411175999	11.1526931505875	6.12871072845947e-05	0.00175788565061658
TSPAN13	2.56822650665028	14.1965834966949	1.46805780666159	12.7285256900333	0.000377967898533213	0.00611128685146954
CD99	3.64760893238	16.1650905176794	1.46263582891431	14.7024546887651	0.00174434204332409	0.0152632267457048
COTL1	5.73246987569606	14.7782173581429	1.45876483578595	13.3194525223569	0.000675689837385117	0.00869021985733762
CKAP4	4.53670353436526	16.4275048543233	1.41896782385893	15.0085370304643	0.00271126082338063	0.0200517798787467
SEC14L1	4.88591171903852	16.1821230727355	1.4125877656686	14.7695353070669	0.00246161426422724	0.0189349614932774
PLAT	1.62572546730248	10.7835669809187	1.40794202112763	9.3756249597911	7.22315041282119e-06	0.000365142707075719
PSAP	5.29808082164624	15.4209502959438	1.40173293340994	14.0192173625338	0.00166597128141697	0.0148118767432719
SMARCA4	4.98831555949478	16.0816143249212	1.39598380300544	14.6856305219157	0.00259170920154904	0.019528847061815
TPM4	7.5557865240649	11.6246255222513	1.3943064427321	10.2303190795192	3.85187109653788e-05	0.00125485400611656
IER3	3.30335514112693	15.6733726290333	1.39070817396431	14.282664455069	0.00211079757425634	0.0171324352546842
CDKN3	3.17006214199957	15.4595524807774	1.38671439580485	14.0728380849725	0.00190026521341286	0.0161530583683143
ETFB	5.06037073283602	15.9494744059497	1.38286846476121	14.5666059411885	0.00262003503321129	0.0196516592587864
MYL9	3.72457617661167	16.1607998580091	1.37254769780905	14.7882521602001	0.00315182114836096	0.022024533051561
CD55	2.54202317907654	14.026664631215	1.36999819226371	12.6566664389513	0.000765349214734556	0.00937606085348907
BASP1	5.3699213303324	15.2291574674017	1.36990095258467	13.8592565148171	0.00184848240428219	0.015867844399544
TIMP2	5.62199256414416	14.858463294289	1.36377772839047	13.4946855658986	0.00150968771250921	0.0140109333487721
CAV1	7.25124364237703	12.0788917732541	1.35990970560129	10.7189820676528	0.000111558537147365	0.00264654887709975
HLA-B	4.74970509789717	16.2005274485797	1.35827792908379	14.842249519496	0.00352413758771828	0.0235908022995205
DUSP23	4.27473371216881	16.3701368785752	1.35743604578502	15.0127008327902	0.00386843293055017	0.025093463168967
PTGR1	4.06988645833756	16.3561733147703	1.3566192853144	14.9995540294559	0.00386031172721395	0.0250692369017825
C4orf3	4.93053921386462	16.0964575472535	1.34899266660917	14.7474648806443	0.00353664333839931	0.0236505180977397
SERPING1	2.16536031142019	12.8384772323484	1.34892651408064	11.4895507182677	0.000305693332196531	0.00531398922925037
ARL6IP1	2.94091764365293	14.978248751468	1.34462250475699	13.633626246711	0.0018853648150718	0.0160631449419863
ANXA5	6.54564652904134	13.1544379480832	1.34434829173963	11.8100896563436	0.000440292453885007	0.00677065109156036
ATP6V1G1	5.73139664976984	14.6623689208066	1.3410535996357	13.3213153211709	0.00156490590832978	0.014334429351718
CAMK2N1	2.21544251314719	13.0032424883382	1.3407203016352	11.662522186703	0.000392723154162357	0.00627311052786699
PPM1G	6.70348675860234	12.919880983961	1.33652362091274	11.5833573630483	0.000376159978099034	0.00609711885876984
PRDX2	5.57296062961462	14.8952827655093	1.33533551261803	13.5599472528913	0.00191092279923462	0.016186198224369
CCDC85B	5.30694526409472	15.3284089762959	1.32987218056319	13.9985367957327	0.00260473363699621	0.0195934182477355
SPATS2L	4.80263930361032	16.1262159974404	1.32204425115125	14.8041717462892	0.0042506459927277	0.0265670408470153
CCT6A	6.54464980644713	13.1315178803792	1.32004914282554	11.8114687375537	0.000541758501196054	0.00746913444595688
ASPH	6.07006354277067	13.963383814405	1.31392124295768	12.6494625714473	0.00116211703292304	0.0121017933168008
IL6ST	4.49172777691744	16.3376664162245	1.31241101591168	15.0252554003128	0.00500230606867581	0.0294119546658238
GSN	1.81221367635082	11.4727316023739	1.30934710113734	10.1633845012366	8.98538630475094e-05	0.00231529084330392
PLIN2	3.71954843104315	16.0882958700399	1.30497546795194	14.783320402088	0.0046323741669681	0.0279963495283353
HNRNPAB	6.46904840931751	13.2130794807805	1.2977202369355	11.915359243845	0.000717175856295181	0.00901153847764369
GABPB1-AS1	5.07144599997105	15.8232828477986	1.27824280522354	14.5450400425751	0.00478570131746713	0.0286230930111792
ATP6V0E1	6.15791773667351	13.7453155430309	1.27661169419994	12.4687038488309	0.00133544884860567	0.0131295917350992
LAPTM4A	4.42958459392463	16.2947476556855	1.26952397208067	15.0252236836049	0.00631434383386742	0.0342282056466913
ATP6V0B	5.40316111584156	15.0624659771352	1.2694601764007	13.7930058007345	0.00336993003469963	0.0229732388092562
RDX	6.00011667709097	14.0620898250181	1.2668485798191	12.795241245199	0.00182094662653661	0.0156824868084361
KRT10	6.21426653386977	13.614996019006	1.2588098487557	12.3561861702504	0.00139999245688144	0.0134670873466532
DDIT4	5.06824047115482	15.8088622655021	1.25750396216634	14.5513583033357	0.00539952022297529	0.0307897242953094
FSTL1	4.41885167980469	16.2739503104684	1.25194640642334	15.0220039040451	0.0069256482869011	0.0363617204525957
SLIRP	6.69652110872733	12.8343736179215	1.24069196535153	11.59368165257	0.000861825928959463	0.0100887438787928
LY6K	2.8540845458376	14.6820379987496	1.23884777129871	13.4431902274509	0.00333600549690201	0.022805832396956
NOP53	5.31626765064884	15.2134208556519	1.23639765455476	13.9770232010971	0.00456122257304573	0.027787332049289
H2AFV	5.51269603201534	14.8618663267276	1.23424677291262	13.6276195538149	0.00381943713546649	0.0248857548470839
NAMPT	4.0737448864286	16.2310842205815	1.22993782194921	15.0011463986323	0.00770941895038808	0.0387349861505789
EIF4B	6.31856518669538	13.3884475229636	1.22882450175963	12.159623021204	0.00151004602258253	0.0140109333487721
RAD21	5.0168285381243	15.8663204535719	1.22293260695955	14.6433878466124	0.00683034349228593	0.0361345437198158
UBE2C	2.36946844097427	13.3751481087494	1.22220725745014	12.1529408512992	0.00157946991146961	0.0143471332586925
FABP5	4.79544682912903	16.0252162982636	1.21643632881757	14.808779969446	0.00761668865622025	0.0384082164337371
ANGPTL4	2.14981563578776	12.6461127912649	1.21037658315031	11.4357362081146	0.000964311429586304	0.0108466538806153
ACTN1	5.35052732650433	15.1027298520533	1.20225581253121	13.900474039522	0.00536776350257528	0.0306589920575663
CALM2	7.37087855782658	11.7274708381449	1.20199135856104	10.5254794795838	0.000424239802768583	0.00660733057893162
MT1A	1.87869319119288	11.6298390904281	1.20196558882103	10.4278735016071	0.000380725288513152	0.00612596275200308
NDUFAF8	5.82607191665996	14.3478033527088	1.20031575413997	13.1474875985688	0.00359040456529299	0.0239251504214524
PTGIS	1.424468481951	9.66490567133306	1.19976024832	8.46514542301306	2.02971680583509e-05	0.00078533969314335
FAM162A	4.62320711358124	16.1422136959112	1.19233462621408	14.9498790696971	0.00917892835910972	0.0432833383738719
PHB2	5.21743365508459	15.4023925209925	1.18910744929298	14.2132850716995	0.00675030503136671	0.0359271982992547
CD9	3.15239667356017	15.2272980134973	1.18890335155476	14.0383946619426	0.00621499334802865	0.033906737007641
ANXA10	1.46724138634823	9.84920813806415	1.18604583390094	8.66316230416321	3.58609168463863e-05	0.00119181092410887
ITM2B	4.72101942584337	16.0502755372776	1.18435916256259	14.865916374715	0.00924016255577039	0.0434870115770146
CTSB	4.18964889386008	16.2030141797143	1.18403241019979	15.0189817695145	0.00985248183810101	0.0451680491215791
ARF4	5.45709060807386	14.8828705089871	1.18283981661267	13.7000306923744	0.00543495613011433	0.0309089703365209
CCT7	5.80830710876279	14.3631714080558	1.18174971029277	13.181421697763	0.00412719093677064	0.0261061738593716
DDR2	1.76569341575137	11.1431953387685	1.17159716557854	9.97159817318996	0.000302901753203592	0.00528635678805317
RRAS	5.32125518286488	15.1363484242795	1.17072670742462	13.9656217168549	0.00666035023160816	0.0355488110662775
CCNB1	2.20466559681742	12.7830177269977	1.15661143931778	11.6264062876799	0.00174450098018212	0.0152632267457048
HLA-A	5.6211716515488	14.6493882074212	1.15354020564405	13.4958480017772	0.00583232790682555	0.0323739331639168
SFRP1	2.08328251852982	12.354041843208	1.15297213599779	11.2010697072102	0.00126885239114963	0.0126986189844361
TUBA1A	2.89153537006145	14.667584984602	1.14381229949855	13.5237726851035	0.00627118255965954	0.0340642168349724
PRSS23	2.42635588834718	13.4663617450173	1.14241794474681	12.3239438002705	0.00318309399294804	0.0221390311770988
CYB5A	2.79007447019091	14.4382292429162	1.13933614929184	13.2988930936243	0.00573921485043279	0.0320047340391421
EIF4A2	5.33732943311177	15.063173940586	1.13372586428203	13.929448076304	0.00808137703951013	0.0399166370411235
EID1	6.29044936524152	13.3412055906561	1.13039711250588	12.2108084781502	0.00321776591825025	0.022313565702024
ITGB8	1.74953747584211	11.033674442151	1.12882866495387	9.90484577719709	0.000434255088270439	0.00671455274794167
MAP4K4	5.29676661261965	15.1485301536293	1.12622967892793	14.0223004747014	0.00878796841801482	0.0420865536505581
HSD11B1	1.22727015538577	8.62372677341935	1.12479975442294	7.49892701899641	7.3837055369791e-06	0.000367186599201236
TMED9	6.00585180764718	13.9060865001493	1.12279206010288	12.7832944400464	0.00480516842042541	0.0287018882254022
HSPA8	7.49982263773218	11.4400819638823	1.12117297270194	10.3189089911803	0.000735519731095848	0.00912930134720472
AURKA	2.07433790847569	12.2890052980575	1.12099062615913	11.1680146718983	0.00160778145526775	0.0145205399225671
UQCC2	5.86375721210928	14.190553553617	1.11667797715064	13.0738755764664	0.00586121293720759	0.0324927913838307
TRNP1	2.65706982659381	14.0681909661256	1.098461615079	12.9697293510466	0.00621255989664765	0.033906737007641
GLRX	2.50646213696352	13.6554788331845	1.09646186013325	12.5590169730512	0.0050197913567145	0.0294491450246737
CAP1	6.08463900486146	13.7133643167909	1.09417939467244	12.6191849221185	0.0052728543803401	0.0302741691445637
CBX3	6.6494889697688	12.752989295492	1.0903159091289	11.6626733863631	0.00297298530142445	0.0212736173213253
HOTAIRM1	3.14967136418137	15.11944032448	1.0863324938911	14.0331078305889	0.0109810114959367	0.0482838337886785
KPNA2	3.02352379021794	14.883983010116	1.08112499713666	13.8028580129793	0.0102440977856186	0.0462878856792644
HMGN2	6.52391605740171	12.92094254808	1.08095225484018	11.8399902932399	0.00359024809751454	0.0239251504214524
BEX1	2.21496963476976	12.7387289421759	1.07777522000407	11.6609537221719	0.00325892897272384	0.0224534249953621
EIF1AX	6.50586679854168	12.9422069642036	1.07765141825372	11.8645555459499	0.00373602729399268	0.0245483785442925
SMS	6.20333809400232	13.4529702987873	1.07524625311805	12.3777240456692	0.0052031563016156	0.0300439580934426
CAVIN1	5.83085897586908	14.2065328843897	1.06827840329183	13.1382544810979	0.00813227319219816	0.0401111074758365
RRBP1	6.00436844300193	13.8511512273433	1.06476618264284	12.7863850447005	0.0069629965348728	0.0364554042291981
SLC7A5	2.95907311844615	14.7358476826984	1.06176422011097	13.6740834625875	0.0107865725039322	0.0477737622077479
LSM5	5.58068510134837	14.609627033584	1.05937924627577	13.5502477873082	0.0103577179075082	0.0466415460995439
CNR1	1.64670561796134	10.5202289147804	1.05299489709471	9.46723401768566	0.000571294521265469	0.00771510738339468
CTSL	2.39212829185303	13.2662054930084	1.04559551684112	12.2206099761673	0.00579153615430913	0.0321876697640921
SEPT7	6.05438819690549	13.721231340471	1.0391365479955	12.6820947924755	0.00774127417787543	0.0388211218178975
C15orf48	1.06418456015718	7.72082948326303	1.03433727038476	6.68649221287827	4.07478993600972e-06	0.000233751210503097
SH3BGRL3	7.22316543252416	11.7910677375182	1.02657536631299	10.7644923712052	0.00252213418658232	0.0191810888919518
RAB2A	5.90727595815212	14.0059114296702	1.01931115449822	12.986600275172	0.0101171423674603	0.0459349423426265
RANBP1	6.10469159973822	13.5952013935554	1.01752764121248	12.5776737523429	0.00839809162823211	0.040872158223126
FAM83A	1.16073434623483	8.17470818760997	1.01742803741193	7.15728015019804	1.92935150184079e-05	0.000757614991526412
HMMR	2.03396981052531	12.0080415908814	0.987936014228087	11.0201055766533	0.00412863946482548	0.0261061738593716
CCL20	0.800852532402199	6.10304422762549	0.987629793507042	5.11541443411844	1.86150326043214e-08	2.11729948432255e-06
RAB13	6.40744208849256	12.9846527740972	0.9759912234837	12.0086615506135	0.00815563016869498	0.0401489729500716
CRISPLD2	1.8604270373201	11.3296981440603	0.973895479685478	10.3558026643748	0.00283255226513175	0.0206707381560555
AKR1C1	1.56730626573493	10.0920025639697	0.973622543651336	9.11838002031838	0.000881825178819475	0.0101915916151367
CCT4	6.19717199671354	13.3628036495916	0.972862458113713	12.3899411914779	0.0100932799257394	0.0458892954308081
PRDX5	6.24210634257256	13.2677011569343	0.965663678707758	12.3020374782266	0.0101118961320371	0.0459349423426265
PPIB	7.11881182257587	11.8987376589444	0.965306597775868	10.9334310611686	0.00462622855588976	0.0279963495283353
CARD16	1.49055038419955	9.7322014950917	0.960751555738055	8.77144993935365	0.000675009444078632	0.00869021985733762
KRT18	9.13615251731913	9.11161073246801	0.960249008336683	8.15136172413133	0.00029337523954395	0.00515418496743392
MFAP5	1.80241871030408	11.0758094887089	0.952822377760898	10.122987110948	0.00281255597068831	0.0205817323778489
PEBP1	6.36212333927277	13.0337414941172	0.950306679136869	12.0834348149804	0.00999717971499419	0.0456727109278509
SLC7A11	1.96276299867198	11.7026234605643	0.949846458965732	10.7527770015986	0.00460871688329038	0.0279391378273817
ARHGDIB	2.01324682600237	11.8862466421148	0.942249281148788	10.943997360966	0.00554323915187491	0.0312828614597733
MAL2	1.16670347364694	8.12716190596463	0.93988915485986	7.18727275110477	7.23400198137506e-05	0.0019690402525116
MT-ND4L	6.36375946551224	13.0200468405581	0.939394561238258	12.0806522793198	0.0106950239846073	0.0475118338225282
INHBA	1.56844856720037	10.0552620711011	0.931817869687087	9.12344420141398	0.00136694432630519	0.0132711283600226
DNAJC15	1.33315996427277	8.94074622447249	0.911137642830941	8.02960858164155	0.0004564734334192	0.00688072905459332
MUCL3	0.399580780064173	3.44690201909618	0.894595311885765	2.55230670721041	5.71256063815063e-22	2.43133951805676e-19
COL8A1	1.72099238360921	10.6659004157181	0.880779971825502	9.78512044389257	0.00400394584571272	0.0256018520547026
AKR1C3	1.40055394711813	9.22877089791072	0.876955363077045	8.35181553483368	0.00104449410083921	0.0113705075630962
CST6	0.931477840844211	6.82479299524484	0.87501447881384	5.949778516431	1.06189513012719e-05	0.000489882669471964
MUC1	1.08203784647311	7.64334546613868	0.871860576492856	6.77148488964583	9.06061816304181e-05	0.00231529084330392
THBS2	1.52079223549122	9.77322220466583	0.865068949568792	8.90815325509704	0.00216058115191238	0.0173927441844612
CENPE	1.97610495670719	11.636394817021	0.832868538101284	10.8035262789197	0.0112496337623805	0.0490022013406562
COL6A3	1.43166920799395	9.32810317060899	0.829463395301545	8.49863977530744	0.00206787746996704	0.0169463200861771
CDH11	1.24061455294815	8.39262070635894	0.824800899785519	7.56781980657342	0.000711854361214861	0.00897058876969329
PDK4	1.06402429397673	7.48917920088511	0.803449207715415	6.68572999316969	0.000229048554178484	0.00438616345984167
CA12	1.69477269664125	10.4571778801787	0.78436258466105	9.67281529551762	0.00827435535333019	0.0405214861059145
AKR1B10	0.804707940929484	5.90659944026437	0.766558733977263	5.14004070628711	8.22011160998575e-06	0.000398735855081441
PTGS2	1.21495874723999	8.20009726907278	0.765594631197835	7.43450263787494	0.00126359080829302	0.0126779524041522
IFI44	1.04390732304225	7.33671788694526	0.745964791175232	6.59075309577003	0.000469914316463082	0.00693517840202897
MT1G	0.561268258307872	4.32163175597055	0.736552563739571	3.58507919223098	2.68916715595004e-09	3.58392640965706e-07
CAVIN2	1.10916030947128	7.62109985289829	0.718612942688686	6.9024869102096	0.00113641916506268	0.0119454708085198
FBXO32	1.05585999652348	7.36193857887286	0.714953066054461	6.6469855128184	0.000817642444474316	0.00977341706945147
ADAMTS6	1.28764647571668	8.51299368183809	0.70728989916375	7.80570378267434	0.00380571146761759	0.0248577015365081
CXCL5	0.700434143204248	5.1802588061998	0.706262931392523	4.47399587480727	2.70616519424611e-06	0.0001653015906152
PLBD1	1.17338411226445	7.92504747057757	0.704168631087862	7.22087883948971	0.00208297983305095	0.0170172358620893
KRT6A	0.410326898539052	3.31068546771581	0.689738346280492	2.62094712143531	9.78440252756532e-14	2.22578287842581e-11
LAMA3	0.958254742470068	6.80887417442455	0.688059239257364	6.12081493516718	0.000507616884337035	0.00722491604308828
PTX3	0.8587480347699	6.12837444083083	0.643154734830519	5.48521970600031	0.000310538693707674	0.00537138487935854
PARP9	1.17519749210576	7.85549923821136	0.625495603552408	7.23000363465895	0.00535738537398698	0.0306265300976634
AKR1C2	0.661287551999354	4.84785824242664	0.623909697925463	4.22394854450117	9.81173033643108e-06	0.000460697402344739
VIM	9.49404809827745	8.3497818848695	0.623291478588087	7.72649040628142	0.00855023564815931	0.0413816176192806
IFIT1	0.752307114731773	5.42665035603911	0.621317891090108	4.80533246494901	8.53005867734327e-05	0.00223748696200531
TNFSF10	0.643387388805759	4.72662017459125	0.617008226990048	4.1096119476012	7.25271948499987e-06	0.000365238094981253
KRT17	0.514895954627322	3.86166694353391	0.572789039296961	3.28887790423695	2.97621405172048e-07	2.43901665828572e-05
CDKN1A	1.06953782105963	7.26889179168025	0.556919034215691	6.71197275746456	0.00713110065634146	0.0369418978169223
TFCP2L1	0.753871226312777	5.36736840345202	0.552045236551884	4.81532316690014	0.000405538344007459	0.00639267970231113
ALDH1A1	0.50165777011502	3.75591197185601	0.551592456830404	3.20431951502561	3.94843999545153e-07	3.15731619999925e-05
RGS4	0.611700850178828	4.45108092062285	0.543865507341462	3.90721541328138	2.74262055822019e-05	0.000983318903401012
OAS1	0.817881927143806	5.76782801496494	0.543638983600461	5.22418903136448	0.00114150299564832	0.0119721705282862
IL24	0.346725152387523	2.74995372375512	0.535260284658511	2.21469343909661	5.5027792653237e-12	9.94570816803848e-10
AC129507.4	0.475068301109017	3.56066626350535	0.526185948639183	3.03448031486617	3.30998442682651e-07	2.6792597869662e-05
CSF3	0.324505137243367	2.58916545863648	0.516401502929042	2.07276395570744	1.40081181834257e-12	2.8434324817249e-10
CFD	0.707597495703759	5.02935343162877	0.509601921058234	4.51975151057053	0.000490794458253937	0.00707422139092614
KRT5	0.494432718839282	3.66450439333822	0.506334612611754	3.15816978072647	1.95924723460399e-06	0.000126717196143946
OASL	0.348779856322701	2.72835199881745	0.500534218169064	2.22781778064838	1.1090257593537e-10	1.76295010468827e-08
